train_loss,eval_loss,timestamp,checkpoint_dir_name,done,training_iteration,date,time_this_iter_s,time_total_s,pid,hostname,node_ip,time_since_restore,iterations_since_restore,experiment_tag,config/embedding_dim,config/dropout,config/learning_rate,config/num_epochs
1.1475796480070461,0.9432317529405866,1718414018,,True,2,2024-06-15_02-13-38,207.20549154281616,395.1675102710724,135405,daniel-Yoga-Creator-7-15IMH05,192.168.1.74,395.1675102710724,2,"0_dropout=0.4500,embedding_dim=512,learning_rate=0.0003",512,0.45,0.0003103785855274827,10
1.3716895948756824,1.037733791434035,1718413666,,True,1,2024-06-15_02-07-46,42.3209388256073,42.3209388256073,135406,daniel-Yoga-Creator-7-15IMH05,192.168.1.74,42.3209388256073,1,"1_dropout=0.4000,embedding_dim=64,learning_rate=0.0004",64,0.4,0.0003734664104668042,10
1.4399196219715205,1.1021307828475018,1718413655,,True,1,2024-06-15_02-07-35,31.383339166641235,31.383339166641235,135407,daniel-Yoga-Creator-7-15IMH05,192.168.1.74,31.383339166641235,1,"2_dropout=0.1500,embedding_dim=32,learning_rate=0.0002",32,0.15,0.00016771081815455493,10
1.3236147327856584,0.9926410536376797,1718413665,,True,1,2024-06-15_02-07-45,41.59587740898132,41.59587740898132,135408,daniel-Yoga-Creator-7-15IMH05,192.168.1.74,41.59587740898132,1,"3_dropout=0.4500,embedding_dim=64,learning_rate=0.0009",64,0.45,0.0008752477572861241,10
1.0143038015473973,0.9250540976621666,1718413706,,True,2,2024-06-15_02-08-26,41.00353813171387,82.2506799697876,135409,daniel-Yoga-Creator-7-15IMH05,192.168.1.74,82.2506799697876,2,"4_dropout=0.3500,embedding_dim=64,learning_rate=0.0018",64,0.35,0.001843052222745878,10
1.0302166591991078,1.0112587724413191,1718413811,,True,1,2024-06-15_02-10-11,187.1779465675354,187.1779465675354,135410,daniel-Yoga-Creator-7-15IMH05,192.168.1.74,187.1779465675354,1,"5_dropout=0.1500,embedding_dim=512,learning_rate=0.0068",512,0.15,0.006828726647352872,10
0.8933176913721995,0.9062008170449004,1718413879,,True,8,2024-06-15_02-11-19,31.874372720718384,256.01692748069763,135411,daniel-Yoga-Creator-7-15IMH05,192.168.1.74,256.01692748069763,8,"6_dropout=0.1500,embedding_dim=32,learning_rate=0.0034",32,0.15,0.0033734036869859175,10
0.9036494265903127,0.8996919101598312,1718415976,,True,10,2024-06-15_02-46-16,249.71596908569336,2352.3293471336365,135412,daniel-Yoga-Creator-7-15IMH05,192.168.1.74,2352.3293471336365,10,"7_dropout=0.5000,embedding_dim=512,learning_rate=0.0014",512,0.5,0.0014116793212615956,10
1.3378929296677762,1.0251619560377938,1718413680,,True,1,2024-06-15_02-08-00,56.40223264694214,56.40223264694214,135413,daniel-Yoga-Creator-7-15IMH05,192.168.1.74,56.40223264694214,1,"8_dropout=0.0000,embedding_dim=128,learning_rate=0.0002",128,0.0,0.0001527957023069552,10
0.9239845835349777,0.9086879716843975,1718414037,,True,4,2024-06-15_02-13-57,111.84026169776917,413.7282907962799,135414,daniel-Yoga-Creator-7-15IMH05,192.168.1.74,413.7282907962799,4,"9_dropout=0.4500,embedding_dim=256,learning_rate=0.0042",256,0.45,0.0041952742126583975,10
0.9166848442771218,0.9221464340784111,1718413741,,True,2,2024-06-15_02-09-01,60.46547794342041,117.70551371574402,135415,daniel-Yoga-Creator-7-15IMH05,192.168.1.74,117.70551371574402,2,"10_dropout=0.0000,embedding_dim=128,learning_rate=0.0027",128,0.0,0.0026567859396765927,10
0.8887131877920844,0.9012141239886381,1718413944,,True,10,2024-06-15_02-12-24,32.8751494884491,320.45364022254944,135416,daniel-Yoga-Creator-7-15IMH05,192.168.1.74,320.45364022254944,10,"11_dropout=0.1000,embedding_dim=32,learning_rate=0.0028",32,0.1,0.002788709331059633,10
1.338809923692183,1.0391197186343524,1718413708,,True,1,2024-06-15_02-08-28,41.04455924034119,41.04455924034119,136633,daniel-Yoga-Creator-7-15IMH05,192.168.1.74,41.04455924034119,1,"12_dropout=0.2000,embedding_dim=64,learning_rate=0.0003",64,0.2,0.0002606088704325708,10
1.1058945777741345,0.9744064552443368,1718413708,,True,1,2024-06-15_02-08-28,31.899554014205933,31.899554014205933,136872,daniel-Yoga-Creator-7-15IMH05,192.168.1.74,31.899554014205933,1,"13_dropout=0.0000,embedding_dim=32,learning_rate=0.0009",32,0.0,0.0008716089145289195,10
1.038304383036765,0.9418349801277628,1718414092,,True,2,2024-06-15_02-14-52,222.1731276512146,416.27028942108154,136879,daniel-Yoga-Creator-7-15IMH05,192.168.1.74,416.27028942108154,2,"14_dropout=0.2000,embedding_dim=512,learning_rate=0.0001",512,0.2,0.00014057045576931226,10
0.9227071814239025,0.9254855811595917,1718414482,,True,2,2024-06-15_02-21-22,422.99674463272095,791.4343862533569,137257,daniel-Yoga-Creator-7-15IMH05,192.168.1.74,791.4343862533569,2,"15_dropout=0.0000,embedding_dim=1024,learning_rate=0.0001",1024,0.0,0.0001479432377399811,10
1.2497516011649912,1.0130035323756081,1718413765,,True,1,2024-06-15_02-09-25,48.31810736656189,48.31810736656189,137733,daniel-Yoga-Creator-7-15IMH05,192.168.1.74,48.31810736656189,1,"16_dropout=0.1500,embedding_dim=64,learning_rate=0.0004",64,0.15,0.00036493537097068087,10
1.3308328081261027,1.0265348097499536,1718413784,,True,1,2024-06-15_02-09-44,67.28602957725525,67.28602957725525,137737,daniel-Yoga-Creator-7-15IMH05,192.168.1.74,67.28602957725525,1,"17_dropout=0.0000,embedding_dim=128,learning_rate=0.0001",128,0.0,0.00014923999254449425,10
0.9002687167714942,0.9046487692667513,1718417041,,True,8,2024-06-15_03-04-01,425.9472007751465,3322.23033118248,137802,daniel-Yoga-Creator-7-15IMH05,192.168.1.74,3322.23033118248,8,"18_dropout=0.4500,embedding_dim=1024,learning_rate=0.0026",1024,0.45,0.0025909160024506143,10
1.2288271788169036,1.002706758830012,1718413791,,True,1,2024-06-15_02-09-51,36.578603982925415,36.578603982925415,138516,daniel-Yoga-Creator-7-15IMH05,192.168.1.74,36.578603982925415,1,"19_dropout=0.2000,embedding_dim=32,learning_rate=0.0007",32,0.2,0.0007312858211384099,10
0.9507429230619561,0.9197605708423926,1718413904,,True,2,2024-06-15_02-11-44,61.411293745040894,126.1555335521698,138992,daniel-Yoga-Creator-7-15IMH05,192.168.1.74,126.1555335521698,2,"20_dropout=0.3000,embedding_dim=128,learning_rate=0.0048",128,0.3,0.00475061437820682,10
1.1758902135220441,0.9955503904089635,1718413831,,True,1,2024-06-15_02-10-31,33.437973499298096,33.437973499298096,139385,daniel-Yoga-Creator-7-15IMH05,192.168.1.74,33.437973499298096,1,"21_dropout=0.1000,embedding_dim=32,learning_rate=0.0007",32,0.1,0.0006982422124291982,10
1.6289846925572915,1.101580344900793,1718413849,,True,1,2024-06-15_02-10-49,45.10820007324219,45.10820007324219,139550,daniel-Yoga-Creator-7-15IMH05,192.168.1.74,45.10820007324219,1,"22_dropout=0.4500,embedding_dim=64,learning_rate=0.0001",64,0.45,0.00010809451594856957,10
1.0363903604447842,0.9404300779712443,1718413910,,True,2,2024-06-15_02-11-50,41.9703414440155,87.0202579498291,139958,daniel-Yoga-Creator-7-15IMH05,192.168.1.74,87.0202579498291,2,"23_dropout=0.2500,embedding_dim=64,learning_rate=0.0007",64,0.25,0.0007451532282618994,10
1.1516310945153236,1.000078713407322,1718413876,,True,1,2024-06-15_02-11-16,32.21960258483887,32.21960258483887,140370,daniel-Yoga-Creator-7-15IMH05,192.168.1.74,32.21960258483887,1,"24_dropout=0.0000,embedding_dim=32,learning_rate=0.0006",32,0.0,0.0006091727172698178,10
0.9387020602144979,0.9323313880939873,1718413929,,True,2,2024-06-15_02-12-09,32.340532541275024,67.6027729511261,140767,daniel-Yoga-Creator-7-15IMH05,192.168.1.74,67.6027729511261,2,"25_dropout=0.2000,embedding_dim=32,learning_rate=0.0098",32,0.2,0.00977019872992272,10
0.9600991599939086,0.9306502275320948,1718414777,,True,2,2024-06-15_02-26-17,445.64286184310913,888.7899928092957,141249,daniel-Yoga-Creator-7-15IMH05,192.168.1.74,888.7899928092957,2,"26_dropout=0.1500,embedding_dim=1024,learning_rate=0.0012",1024,0.15,0.0011810556291560427,10
1.2688869401812553,1.0240369116773411,1718413926,,True,1,2024-06-15_02-12-06,35.22384738922119,35.22384738922119,141406,daniel-Yoga-Creator-7-15IMH05,192.168.1.74,35.22384738922119,1,"27_dropout=0.3000,embedding_dim=32,learning_rate=0.0006",32,0.3,0.0006380407160334299,10
1.0806442042643374,0.9231906083165383,1718414383,,True,2,2024-06-15_02-19-43,243.50115084648132,465.5972480773926,141893,daniel-Yoga-Creator-7-15IMH05,192.168.1.74,465.5972480773926,2,"28_dropout=0.5000,embedding_dim=512,learning_rate=0.0010",512,0.5,0.0010257201664697617,10
0.958893084390597,0.9109553785956636,1718414902,,True,4,2024-06-15_02-28-22,248.00030994415283,980.5157368183136,142055,daniel-Yoga-Creator-7-15IMH05,192.168.1.74,980.5157368183136,4,"29_dropout=0.3000,embedding_dim=512,learning_rate=0.0006",512,0.3,0.0006472071871978161,10
0.9206810427660291,0.920900317479153,1718414912,,True,4,2024-06-15_02-28-32,246.24744415283203,972.703503370285,142395,daniel-Yoga-Creator-7-15IMH05,192.168.1.74,972.703503370285,4,"30_dropout=0.4000,embedding_dim=512,learning_rate=0.0028",512,0.4,0.0028090660409857055,10
0.9541643158956008,0.9234917747731112,1718414415,,True,2,2024-06-15_02-20-15,242.20010113716125,474.71345114707947,142428,daniel-Yoga-Creator-7-15IMH05,192.168.1.74,474.71345114707947,2,"31_dropout=0.3000,embedding_dim=512,learning_rate=0.0035",512,0.3,0.0035356660941872078,10
0.882227082956921,0.8902847067433961,1718415197,,True,10,2024-06-15_02-33-17,114.87174224853516,1238.89963722229,142840,daniel-Yoga-Creator-7-15IMH05,192.168.1.74,1238.89963722229,10,"32_dropout=0.3500,embedding_dim=256,learning_rate=0.0031",256,0.35,0.003115302054474424,10
0.9362431373108517,0.9237279891967773,1718414546,,True,4,2024-06-15_02-22-26,125.2285270690918,511.97535705566406,144070,daniel-Yoga-Creator-7-15IMH05,192.168.1.74,511.97535705566406,4,"33_dropout=0.4500,embedding_dim=256,learning_rate=0.0081",256,0.45,0.008129767525378516,10
0.9460507228970527,0.9334161603937343,1718414925,,True,2,2024-06-15_02-28-45,437.2830514907837,874.0781331062317,144399,daniel-Yoga-Creator-7-15IMH05,192.168.1.74,874.0781331062317,2,"34_dropout=0.2500,embedding_dim=1024,learning_rate=0.0041",1024,0.25,0.004119181900760808,10
0.9463242709636688,0.9316879413565811,1718414210,,True,2,2024-06-15_02-16-50,50.02813148498535,103.16674184799194,145379,daniel-Yoga-Creator-7-15IMH05,192.168.1.74,103.16674184799194,2,"35_dropout=0.0000,embedding_dim=64,learning_rate=0.0006",64,0.0,0.000616273709996933,10
0.9617571462284434,0.9234834331638959,1718415108,,True,2,2024-06-15_02-31-48,433.29533195495605,884.6326866149902,147302,daniel-Yoga-Creator-7-15IMH05,192.168.1.74,884.6326866149902,2,"36_dropout=0.5000,embedding_dim=1024,learning_rate=0.0056",1024,0.5,0.005582324262063808,10
1.0715111454779451,0.9314286191852725,1718415247,,True,2,2024-06-15_02-34-07,415.817752122879,849.3453872203827,150026,daniel-Yoga-Creator-7-15IMH05,192.168.1.74,849.3453872203827,2,"37_dropout=0.3500,embedding_dim=1024,learning_rate=0.0003",1024,0.35,0.00029155517791163343,10
1.0010380082509733,0.9251311245013256,1718414703,,True,2,2024-06-15_02-25-03,131.9479341506958,273.5515305995941,150627,daniel-Yoga-Creator-7-15IMH05,192.168.1.74,273.5515305995941,2,"38_dropout=0.2000,embedding_dim=256,learning_rate=0.0006",256,0.2,0.0006092369632441121,10
1.4328762791373513,1.0091109409624217,1718414648,,True,1,2024-06-15_02-24-08,150.43381452560425,150.43381452560425,151732,daniel-Yoga-Creator-7-15IMH05,192.168.1.74,150.43381452560425,1,"39_dropout=0.4000,embedding_dim=256,learning_rate=0.0002",256,0.4,0.00016317502256047,10
0.7086499913849614,0.9142678872663148,1718417739,,True,10,2024-06-15_03-15-39,123.30029582977295,3176.663874387741,152829,daniel-Yoga-Creator-7-15IMH05,192.168.1.74,3176.663874387741,10,"40_dropout=0.0000,embedding_dim=1024,learning_rate=0.0022",1024,0.0,0.002210419307542253,10
1.529831427200274,1.1069697518737949,1718414707,,True,1,2024-06-15_02-25-07,43.53846025466919,43.53846025466919,154572,daniel-Yoga-Creator-7-15IMH05,192.168.1.74,43.53846025466919,1,"41_dropout=0.5000,embedding_dim=32,learning_rate=0.0002",32,0.5,0.00021956454096281513,10
1.2429174718531695,0.9731129493032183,1718414797,,True,1,2024-06-15_02-26-37,81.88294219970703,81.88294219970703,155468,daniel-Yoga-Creator-7-15IMH05,192.168.1.74,81.88294219970703,1,"42_dropout=0.4000,embedding_dim=128,learning_rate=0.0008",128,0.4,0.0007959196826911831,10
0.9506996055895632,0.9235349407001417,1718415535,,True,2,2024-06-15_02-38-55,397.3999569416046,815.1351413726807,155638,daniel-Yoga-Creator-7-15IMH05,192.168.1.74,815.1351413726807,2,"43_dropout=0.1000,embedding_dim=1024,learning_rate=0.0004",1024,0.1,0.00039786285089733455,10
0.8975406452336094,0.8971072587431693,1718415294,,True,10,2024-06-15_02-34-54,43.56002330780029,501.9616093635559,156812,daniel-Yoga-Creator-7-15IMH05,192.168.1.74,501.9616093635559,10,"44_dropout=0.1500,embedding_dim=64,learning_rate=0.0012",64,0.15,0.0011970703870400456,10
0.9442077980122783,0.9246786820645235,1718415633,,True,2,2024-06-15_02-40-33,401.2827982902527,821.0965986251831,157215,daniel-Yoga-Creator-7-15IMH05,192.168.1.74,821.0965986251831,2,"45_dropout=0.2500,embedding_dim=1024,learning_rate=0.0046",1024,0.25,0.004595083596689823,10
0.9325812126425179,0.9813128223224562,1718415073,,True,2,2024-06-15_02-31-13,78.98736667633057,157.2576150894165,158909,daniel-Yoga-Creator-7-15IMH05,192.168.1.74,157.2576150894165,2,"46_dropout=0.1500,embedding_dim=128,learning_rate=0.0092",128,0.15,0.009228965987294325,10
0.8990907598625529,0.894583307966894,1718415418,,True,10,2024-06-15_02-36-58,47.93516826629639,492.2597396373749,159149,daniel-Yoga-Creator-7-15IMH05,192.168.1.74,492.2597396373749,10,"47_dropout=0.4000,embedding_dim=64,learning_rate=0.0060",64,0.4,0.005977354527803029,10
0.8115883152593266,0.9058021252252617,1718415858,,True,8,2024-06-15_02-44-18,121.27875900268555,919.223051071167,159468,daniel-Yoga-Creator-7-15IMH05,192.168.1.74,919.223051071167,8,"48_dropout=0.0000,embedding_dim=256,learning_rate=0.0021",256,0.0,0.0020592345220325618,10
1.2186937848275359,0.9841662450712554,1718415126,,True,1,2024-06-15_02-32-06,39.743502616882324,39.743502616882324,161814,daniel-Yoga-Creator-7-15IMH05,192.168.1.74,39.743502616882324,1,"49_dropout=0.3500,embedding_dim=32,learning_rate=0.0014",32,0.35,0.0013878863352100527,10
1.313801529190757,1.06848936786457,1718415161,,True,1,2024-06-15_02-32-41,40.25110363960266,40.25110363960266,162458,daniel-Yoga-Creator-7-15IMH05,192.168.1.74,40.25110363960266,1,"50_dropout=0.2000,embedding_dim=32,learning_rate=0.0003",32,0.2,0.0002853602883641985,10
0.9121958963572979,0.9521238718714032,1718415277,,True,2,2024-06-15_02-34-37,65.32079839706421,137.8090353012085,162828,daniel-Yoga-Creator-7-15IMH05,192.168.1.74,137.8090353012085,2,"51_dropout=0.0000,embedding_dim=128,learning_rate=0.0071",128,0.0,0.007128907587143176,10
1.6558590347116644,1.1309489948408944,1718415215,,True,1,2024-06-15_02-33-35,38.78577494621277,38.78577494621277,163456,daniel-Yoga-Creator-7-15IMH05,192.168.1.74,38.78577494621277,1,"52_dropout=0.4500,embedding_dim=32,learning_rate=0.0001",32,0.45,0.00012865055438769584,10
1.4807598756118254,1.0681624011117585,1718415263,,True,1,2024-06-15_02-34-23,53.241883277893066,53.241883277893066,164075,daniel-Yoga-Creator-7-15IMH05,192.168.1.74,53.241883277893066,1,"53_dropout=0.4500,embedding_dim=64,learning_rate=0.0002",64,0.45,0.00021981569658805473,10
0.8835995242676952,0.8924848260928173,1718415971,,True,10,2024-06-15_02-46-11,78.17542767524719,742.1186196804047,164489,daniel-Yoga-Creator-7-15IMH05,192.168.1.74,742.1186196804047,10,"54_dropout=0.2500,embedding_dim=128,learning_rate=0.0020",128,0.25,0.001973254466723394,10
1.35049379887906,1.0907306938755268,1718415297,,True,1,2024-06-15_02-34-57,36.98921585083008,36.98921585083008,165058,daniel-Yoga-Creator-7-15IMH05,192.168.1.74,36.98921585083008,1,"55_dropout=0.2000,embedding_dim=32,learning_rate=0.0002",32,0.2,0.00021402632810524694,10
1.291055262630636,1.0164957192479347,1718415312,,True,1,2024-06-15_02-35-12,36.01850891113281,36.01850891113281,165412,daniel-Yoga-Creator-7-15IMH05,192.168.1.74,36.01850891113281,1,"56_dropout=0.4000,embedding_dim=32,learning_rate=0.0008",32,0.4,0.0008196869875167192,10
1.0551851710135287,0.9229663713854186,1718415532,,True,2,2024-06-15_02-38-52,113.39518904685974,243.14593386650085,165703,daniel-Yoga-Creator-7-15IMH05,192.168.1.74,243.14593386650085,2,"57_dropout=0.4500,embedding_dim=256,learning_rate=0.0012",256,0.45,0.0011689744686977752,10
1.3194731743498282,1.0038442958374412,1718415381,,True,1,2024-06-15_02-36-21,75.11342120170593,75.11342120170593,166107,daniel-Yoga-Creator-7-15IMH05,192.168.1.74,75.11342120170593,1,"58_dropout=0.2000,embedding_dim=128,learning_rate=0.0003",128,0.2,0.0002698118024982205,10
0.8631768388504332,0.8826163818641585,1718417476,,True,10,2024-06-15_03-11-16,127.7918062210083,2168.285993337631,166111,daniel-Yoga-Creator-7-15IMH05,192.168.1.74,2168.285993337631,10,"59_dropout=0.2000,embedding_dim=512,learning_rate=0.0011",512,0.2,0.0010887937927239585,10
1.2762331434271552,0.9535637078236561,1718415552,,True,1,2024-06-15_02-39-12,226.46627855300903,226.46627855300903,166485,daniel-Yoga-Creator-7-15IMH05,192.168.1.74,226.46627855300903,1,"60_dropout=0.4500,embedding_dim=512,learning_rate=0.0006",512,0.45,0.0006145830768864987,10
0.8950971000573852,0.8953460083932293,1718416644,,True,10,2024-06-15_02-57-24,124.97836542129517,1249.2058792114258,167646,daniel-Yoga-Creator-7-15IMH05,192.168.1.74,1249.2058792114258,10,"61_dropout=0.3000,embedding_dim=256,learning_rate=0.0009",256,0.3,0.0008706889282661312,10
0.9016717768528245,0.8967531633620359,1718415816,,True,10,2024-06-15_02-43-36,40.08334302902222,383.1014029979706,168346,daniel-Yoga-Creator-7-15IMH05,192.168.1.74,383.1014029979706,10,"62_dropout=0.4000,embedding_dim=32,learning_rate=0.0040",32,0.4,0.004029797473678173,10
0.97495620040731,0.925290087656099,1718416446,,True,2,2024-06-15_02-54-06,454.5464632511139,901.087203502655,170115,daniel-Yoga-Creator-7-15IMH05,192.168.1.74,901.087203502655,2,"63_dropout=0.1500,embedding_dim=1024,learning_rate=0.0003",1024,0.15,0.0003466387121601701,10
0.8040224875238808,0.9174143659825228,1718418079,,True,10,2024-06-15_03-21-19,80.48211407661438,2533.3067243099213,170116,daniel-Yoga-Creator-7-15IMH05,192.168.1.74,2533.3067243099213,10,"64_dropout=0.1000,embedding_dim=1024,learning_rate=0.0024",1024,0.1,0.0023974810132931378,10
0.9173934447494421,0.9216677333627429,1718415722,,True,4,2024-06-15_02-42-02,40.85634636878967,156.8417410850525,170566,daniel-Yoga-Creator-7-15IMH05,192.168.1.74,156.8417410850525,4,"65_dropout=0.3000,embedding_dim=32,learning_rate=0.0087",32,0.3,0.00874398739729029,10
1.4176749645309015,0.955047953493741,1718416075,,True,1,2024-06-15_02-47-55,428.58282470703125,428.58282470703125,171915,daniel-Yoga-Creator-7-15IMH05,192.168.1.74,428.58282470703125,1,"66_dropout=0.2500,embedding_dim=1024,learning_rate=0.0001",1024,0.25,0.00011436355762833419,10
0.8075088964267211,0.8838803239014684,1718417005,,True,10,2024-06-15_03-03-25,120.43705344200134,1269.0498096942902,173342,daniel-Yoga-Creator-7-15IMH05,192.168.1.74,1269.0498096942902,10,"67_dropout=0.1000,embedding_dim=256,learning_rate=0.0067",256,0.1,0.00666028174412628,10
0.9954229436814785,0.9453897987093244,1718416061,,True,1,2024-06-15_02-47-41,231.633718252182,231.633718252182,174878,daniel-Yoga-Creator-7-15IMH05,192.168.1.74,231.633718252182,1,"68_dropout=0.0000,embedding_dim=512,learning_rate=0.0024",512,0.0,0.0024205180633713585,10
0.9370143905959346,0.9385171112965565,1718416027,,True,2,2024-06-15_02-47-07,73.26541900634766,155.35923218727112,175577,daniel-Yoga-Creator-7-15IMH05,192.168.1.74,155.35923218727112,2,"69_dropout=0.2000,embedding_dim=128,learning_rate=0.0062",128,0.2,0.006187372530409144,10
1.2151315753432836,1.0431561336225392,1718416021,,True,1,2024-06-15_02-47-01,37.24506235122681,37.24506235122681,177422,daniel-Yoga-Creator-7-15IMH05,192.168.1.74,37.24506235122681,1,"70_dropout=0.0000,embedding_dim=32,learning_rate=0.0004",32,0.0,0.0003551738898950434,10
0.9049193330786445,0.921429383511446,1718416133,,True,4,2024-06-15_02-48-53,35.91878294944763,144.0587019920349,177579,daniel-Yoga-Creator-7-15IMH05,192.168.1.74,144.0587019920349,4,"71_dropout=0.0000,embedding_dim=32,learning_rate=0.0025",32,0.0,0.002456319768302969,10
1.553042953393676,0.9701268368837784,1718416481,,True,1,2024-06-15_02-54-41,445.8660480976105,445.8660480976105,178370,daniel-Yoga-Creator-7-15IMH05,192.168.1.74,445.8660480976105,1,"72_dropout=0.4500,embedding_dim=1024,learning_rate=0.0001",1024,0.45,0.00010352938792623208,10
0.9546078807251019,0.9253565298051251,1718416939,,True,2,2024-06-15_03-02-19,448.83110666275024,897.463241815567,178531,daniel-Yoga-Creator-7-15IMH05,192.168.1.74,897.463241815567,2,"73_dropout=0.1000,embedding_dim=1024,learning_rate=0.0002",1024,0.1,0.0002014578378940411,10
0.9656689221208746,0.9234382461528389,1718416352,,True,2,2024-06-15_02-52-32,133.7228536605835,277.12909865379333,179165,daniel-Yoga-Creator-7-15IMH05,192.168.1.74,277.12909865379333,2,"74_dropout=0.2500,embedding_dim=256,learning_rate=0.0027",256,0.25,0.0027042509642516907,10
0.9730762045491825,0.9577618551497556,1718416140,,True,1,2024-06-15_02-49-00,52.45120811462402,52.45120811462402,179483,daniel-Yoga-Creator-7-15IMH05,192.168.1.74,52.45120811462402,1,"75_dropout=0.0000,embedding_dim=64,learning_rate=0.0080",64,0.0,0.008033401820865791,10
1.0092104947025127,0.9362926458825871,1718417037,,True,2,2024-06-15_03-03-57,433.8209125995636,889.9609344005585,180441,daniel-Yoga-Creator-7-15IMH05,192.168.1.74,889.9609344005585,2,"76_dropout=0.4500,embedding_dim=1024,learning_rate=0.0019",1024,0.45,0.0018995204698225663,10
0.9161301058124413,0.9237958697640166,1718417053,,True,2,2024-06-15_03-04-13,422.9216592311859,898.425683259964,180644,daniel-Yoga-Creator-7-15IMH05,192.168.1.74,898.425683259964,2,"77_dropout=0.0000,embedding_dim=1024,learning_rate=0.0002",1024,0.0,0.00022477225345625103,10
0.8787441389804537,0.8933515579116588,1718416905,,True,10,2024-06-15_03-01-45,53.00750160217285,538.7494974136353,183939,daniel-Yoga-Creator-7-15IMH05,192.168.1.74,538.7494974136353,10,"78_dropout=0.1500,embedding_dim=64,learning_rate=0.0029",64,0.15,0.002939867313943307,10
1.2087421035902066,1.0191168304608793,1718416512,,True,1,2024-06-15_02-55-12,52.24480676651001,52.24480676651001,185477,daniel-Yoga-Creator-7-15IMH05,192.168.1.74,52.24480676651001,1,"79_dropout=0.0000,embedding_dim=64,learning_rate=0.0003",64,0.0,0.00029937887877149523,10
1.315773548389023,0.9505000157015664,1718416938,,True,1,2024-06-15_03-02-18,442.91540002822876,442.91540002822876,186102,daniel-Yoga-Creator-7-15IMH05,192.168.1.74,442.91540002822876,1,"80_dropout=0.2500,embedding_dim=1024,learning_rate=0.0001",1024,0.25,0.00011152691374781496,10
1.1691394036466425,1.0077351258725535,1718416569,,True,1,2024-06-15_02-56-09,42.705480337142944,42.705480337142944,186662,daniel-Yoga-Creator-7-15IMH05,192.168.1.74,42.705480337142944,1,"81_dropout=0.1500,embedding_dim=32,learning_rate=0.0007",32,0.15,0.0006849828102777985,10
0.8995031043209812,0.9142675503176085,1718416895,,True,4,2024-06-15_03-01-35,77.13034963607788,311.70286202430725,187668,daniel-Yoga-Creator-7-15IMH05,192.168.1.74,311.70286202430725,4,"82_dropout=0.0000,embedding_dim=128,learning_rate=0.0010",128,0.0,0.0009514656704624517,10
1.4872882329604842,1.0166075679720665,1718416809,,True,1,2024-06-15_03-00-09,149.82439279556274,149.82439279556274,188905,daniel-Yoga-Creator-7-15IMH05,192.168.1.74,149.82439279556274,1,"83_dropout=0.4500,embedding_dim=256,learning_rate=0.0002",256,0.45,0.0001571642046969392,10
0.9440765732391314,0.926095108596646,1718417082,,True,2,2024-06-15_03-04-42,117.0596215724945,259.48243713378906,191462,daniel-Yoga-Creator-7-15IMH05,192.168.1.74,259.48243713378906,2,"84_dropout=0.2000,embedding_dim=256,learning_rate=0.0044",256,0.2,0.004449525676372852,10
0.9097904813560572,0.922626795209184,1718417305,,True,2,2024-06-15_03-08-25,177.28729724884033,396.63936829566956,192895,daniel-Yoga-Creator-7-15IMH05,192.168.1.74,396.63936829566956,2,"85_dropout=0.0000,embedding_dim=512,learning_rate=0.0028",512,0.0,0.00277311297637567,10
1.347074114463546,1.0567371960805387,1718416962,,True,1,2024-06-15_03-02-42,42.53625988960266,42.53625988960266,193133,daniel-Yoga-Creator-7-15IMH05,192.168.1.74,42.53625988960266,1,"86_dropout=0.3500,embedding_dim=32,learning_rate=0.0004",32,0.35,0.0003910634286592386,10
1.398921120979569,1.0439260389123644,1718417031,,True,1,2024-06-15_03-03-51,79.66590857505798,79.66590857505798,193762,daniel-Yoga-Creator-7-15IMH05,192.168.1.74,79.66590857505798,1,"87_dropout=0.2000,embedding_dim=128,learning_rate=0.0001",128,0.2,0.0001283697427695925,10
1.0188152460212057,0.9499538540840149,1718417180,,True,1,2024-06-15_03-06-20,228.36178421974182,228.36178421974182,193766,daniel-Yoga-Creator-7-15IMH05,192.168.1.74,228.36178421974182,1,"88_dropout=0.1000,embedding_dim=512,learning_rate=0.0065",512,0.1,0.006454642028796817,10
1.3765657285397703,1.0029533487193438,1718417107,,True,1,2024-06-15_03-05-07,130.40270853042603,130.40270853042603,194267,daniel-Yoga-Creator-7-15IMH05,192.168.1.74,130.40270853042603,1,"89_dropout=0.1000,embedding_dim=256,learning_rate=0.0001",256,0.1,0.00012137010930701058,10
1.110332015901804,0.9485221395687181,1718417395,,True,1,2024-06-15_03-09-55,375.868971824646,375.868971824646,195041,daniel-Yoga-Creator-7-15IMH05,192.168.1.74,375.868971824646,1,"90_dropout=0.5000,embedding_dim=1024,learning_rate=0.0083",1024,0.5,0.008342511504443933,10
0.9203423534604636,0.9069541321725262,1718417188,,True,4,2024-06-15_03-06-28,35.64330053329468,143.65830516815186,195523,daniel-Yoga-Creator-7-15IMH05,192.168.1.74,143.65830516815186,4,"91_dropout=0.1000,embedding_dim=32,learning_rate=0.0036",32,0.1,0.0036439435186907724,10
1.2500132497061383,1.0084993881838662,1718417099,,True,1,2024-06-15_03-04-59,49.49377751350403,49.49377751350403,195687,daniel-Yoga-Creator-7-15IMH05,192.168.1.74,49.49377751350403,1,"92_dropout=0.2500,embedding_dim=64,learning_rate=0.0004",64,0.25,0.000438538265615546,10
1.0508159110491926,0.9874893828314177,1718417181,,True,1,2024-06-15_03-06-21,128.35223007202148,128.35223007202148,195849,daniel-Yoga-Creator-7-15IMH05,192.168.1.74,128.35223007202148,1,"93_dropout=0.2000,embedding_dim=256,learning_rate=0.0044",256,0.2,0.004367248407139841,10
0.9457661811601031,0.9616179910241341,1718417140,,True,2,2024-06-15_03-05-40,35.99379897117615,74.43082284927368,196140,daniel-Yoga-Creator-7-15IMH05,192.168.1.74,74.43082284927368,2,"94_dropout=0.4500,embedding_dim=32,learning_rate=0.0085",32,0.45,0.00854888058533808,10
1.542024804516272,1.0585310082046353,1718417166,,True,1,2024-06-15_03-06-06,72.10902976989746,72.10902976989746,196663,daniel-Yoga-Creator-7-15IMH05,192.168.1.74,72.10902976989746,1,"95_dropout=0.5000,embedding_dim=128,learning_rate=0.0002",128,0.5,0.00017025790719416866,10
0.9021540853787552,0.9000584689938292,1718417923,,True,8,2024-06-15_03-18-43,62.99603199958801,810.5705835819244,197063,daniel-Yoga-Creator-7-15IMH05,192.168.1.74,810.5705835819244,8,"96_dropout=0.4000,embedding_dim=512,learning_rate=0.0039",512,0.4,0.003913382281747256,10
0.879437753693624,0.8816300819114763,1718417572,,True,10,2024-06-15_03-12-52,30.61155414581299,453.0711226463318,197226,daniel-Yoga-Creator-7-15IMH05,192.168.1.74,453.0711226463318,10,"97_dropout=0.3000,embedding_dim=128,learning_rate=0.0050",128,0.3,0.005024755614721758,10
0.9299067011611029,0.9162440032375102,1718417375,,True,4,2024-06-15_03-09-35,53.99088668823242,220.30825924873352,197861,daniel-Yoga-Creator-7-15IMH05,192.168.1.74,220.30825924873352,4,"98_dropout=0.4500,embedding_dim=128,learning_rate=0.0069",128,0.45,0.0068513907328079495,10
0.7726783036508343,0.9048175282624303,1718417945,,True,8,2024-06-15_03-19-05,58.23713541030884,765.3499844074249,198334,daniel-Yoga-Creator-7-15IMH05,192.168.1.74,765.3499844074249,8,"99_dropout=0.0000,embedding_dim=512,learning_rate=0.0024",512,0.0,0.0023723257068160608,10
