train_loss,eval_loss,timestamp,checkpoint_dir_name,done,training_iteration,date,time_this_iter_s,time_total_s,pid,hostname,node_ip,time_since_restore,iterations_since_restore,experiment_tag,config/hidden_dim,config/latent_dim,config/dropout,config/learning_rate,config/num_epochs
1.1281096816740253,0.972759341707035,1718406364,,True,1,2024-06-15_00-06-04,27.46402621269226,27.46402621269226,5840,PC-DANIEL,127.0.0.1,27.46402621269226,1,"0_dropout=0.4500,hidden_dim=128,latent_dim=16,learning_rate=0.0042",128,16,0.45,0.004162852491848424,10
0.8952528076415712,0.9199523597347493,1718406778,,True,4,2024-06-15_00-12-58,121.43533515930176,441.46167850494385,21132,PC-DANIEL,127.0.0.1,441.46167850494385,4,"1_dropout=0.0000,hidden_dim=512,latent_dim=128,learning_rate=0.0016",512,128,0.0,0.0015957771127665958,10
0.8852339433675462,0.8979619917820911,1718406529,,True,10,2024-06-15_00-08-49,19.443943738937378,191.6880578994751,20540,PC-DANIEL,127.0.0.1,191.6880578994751,10,"2_dropout=0.2000,hidden_dim=128,latent_dim=16,learning_rate=0.0057",128,16,0.2,0.005689208458832057,10
0.9945575773715973,0.9727765832628522,1718406395,,True,1,2024-06-15_00-06-35,58.51443314552307,58.51443314552307,20524,PC-DANIEL,127.0.0.1,58.51443314552307,1,"3_dropout=0.1000,hidden_dim=128,latent_dim=128,learning_rate=0.0077",128,128,0.1,0.007729325320500196,10
0.9649909272789955,0.9353951690148334,1718406424,,True,2,2024-06-15_00-07-04,42.09649610519409,87.02094316482544,10848,PC-DANIEL,127.0.0.1,87.02094316482544,2,"4_dropout=0.2000,hidden_dim=256,latent_dim=64,learning_rate=0.0010",256,64,0.2,0.0010020001424440375,10
0.9614528294991364,0.935040180172239,1718406471,,True,2,2024-06-15_00-07-51,66.84396958351135,133.8191146850586,5476,PC-DANIEL,127.0.0.1,133.8191146850586,2,"5_dropout=0.5000,hidden_dim=512,latent_dim=64,learning_rate=0.0065",512,64,0.5,0.006517280230315009,10
0.9222924958575855,0.9187262684715037,1718407737,,True,4,2024-06-15_00-28-57,286.1835913658142,1399.023358821869,20188,PC-DANIEL,127.0.0.1,1399.023358821869,4,"6_dropout=0.4000,hidden_dim=1024,latent_dim=256,learning_rate=0.0005",1024,256,0.4,0.0005103412514675216,10
0.9625213900073009,0.9180307607261502,1718406385,,True,2,2024-06-15_00-06-25,20.0461905002594,47.68300819396973,19844,PC-DANIEL,127.0.0.1,47.68300819396973,2,"7_dropout=0.5000,hidden_dim=128,latent_dim=16,learning_rate=0.0055",128,16,0.5,0.005544565167716043,10
1.2590120312842457,1.0312691878299325,1718406367,,True,1,2024-06-15_00-06-07,30.08938431739807,30.08938431739807,18824,PC-DANIEL,127.0.0.1,30.08938431739807,1,"8_dropout=0.3000,hidden_dim=64,latent_dim=64,learning_rate=0.0006",64,64,0.3,0.0006014580204152827,10
0.9774559467353604,0.9349695249479644,1718406402,,True,2,2024-06-15_00-06-42,31.270805835723877,64.63259649276733,10304,PC-DANIEL,127.0.0.1,64.63259649276733,2,"9_dropout=0.2500,hidden_dim=128,latent_dim=64,learning_rate=0.0014",128,64,0.25,0.0013889386374437932,10
1.7895354862917554,1.1275340464650367,1718406371,,True,1,2024-06-15_00-06-11,33.76145553588867,33.76145553588867,3400,PC-DANIEL,127.0.0.1,33.76145553588867,1,"10_dropout=0.1500,hidden_dim=32,latent_dim=64,learning_rate=0.0001",32,64,0.15,0.00012172317340455405,10
1.0137302005832844,0.9484809545838103,1718406496,,True,2,2024-06-15_00-08-16,80.64162945747375,159.07314443588257,19744,PC-DANIEL,127.0.0.1,159.07314443588257,2,"11_dropout=0.3000,hidden_dim=64,latent_dim=256,learning_rate=0.0013",64,256,0.3,0.0012868676696629047,10
1.4097616442225196,1.0038564491028688,1718406457,,True,1,2024-06-15_00-07-37,74.41072583198547,74.41072583198547,5916,PC-DANIEL,127.0.0.1,74.41072583198547,1,"12_dropout=0.4000,hidden_dim=32,latent_dim=256,learning_rate=0.0008",32,256,0.4,0.0008167280771727152,10
1.5167394843968478,1.1096586743179633,1718406402,,True,1,2024-06-15_00-06-42,17.916033267974854,17.916033267974854,1532,PC-DANIEL,127.0.0.1,17.916033267974854,1,"13_dropout=0.3500,hidden_dim=64,latent_dim=8,learning_rate=0.0004",64,8,0.35,0.0003750487434738967,10
0.9159808932380242,0.9536056488144155,1718406470,,True,2,2024-06-15_00-07-50,41.511229038238525,85.18403840065002,12156,PC-DANIEL,127.0.0.1,85.18403840065002,2,"14_dropout=0.0000,hidden_dim=256,latent_dim=64,learning_rate=0.0081",256,64,0.0,0.00808747116385683,10
0.8706413310359825,0.8952282211002038,1718406762,,True,10,2024-06-15_00-12-42,34.450034618377686,355.27973771095276,7496,PC-DANIEL,127.0.0.1,355.27973771095276,10,"15_dropout=0.0000,hidden_dim=512,latent_dim=16,learning_rate=0.0056",512,16,0.0,0.005607314554354984,10
1.0709584589708936,0.9816082995765063,1718406534,,True,1,2024-06-15_00-08-54,121.5495388507843,121.5495388507843,10332,PC-DANIEL,127.0.0.1,121.5495388507843,1,"16_dropout=0.2000,hidden_dim=1024,latent_dim=32,learning_rate=0.0008",1024,32,0.2,0.0007847193519927478,10
1.1572590811686083,1.065765226373867,1718406523,,True,1,2024-06-15_00-08-43,106.93716669082642,106.93716669082642,17292,PC-DANIEL,127.0.0.1,106.93716669082642,1,"17_dropout=0.0000,hidden_dim=1024,latent_dim=32,learning_rate=0.0002",1024,32,0.0,0.00015353312375891771,10
1.1585658829997887,1.0069003725538448,1718406441,,True,1,2024-06-15_00-07-21,25.37978959083557,25.37978959083557,20808,PC-DANIEL,127.0.0.1,25.37978959083557,1,"18_dropout=0.1000,hidden_dim=128,latent_dim=16,learning_rate=0.0011",128,16,0.1,0.001061599857597999,10
0.879530966417356,0.8950428336250539,1718406808,,True,10,2024-06-15_00-13-28,32.520246267318726,356.96090817451477,16092,PC-DANIEL,127.0.0.1,356.96090817451477,10,"19_dropout=0.0000,hidden_dim=512,latent_dim=8,learning_rate=0.0069",512,8,0.0,0.006922673027789533,10
1.1459363446994262,0.9750990940600025,1718406540,,True,1,2024-06-15_00-09-00,81.44558954238892,81.44558954238892,12656,PC-DANIEL,127.0.0.1,81.44558954238892,1,"20_dropout=0.1500,hidden_dim=64,latent_dim=256,learning_rate=0.0004",64,256,0.15,0.00038587854285736684,10
0.9106656607579101,0.9325648777338923,1718407169,,True,2,2024-06-15_00-19-29,348.79465413093567,694.6150641441345,21196,PC-DANIEL,127.0.0.1,694.6150641441345,2,"21_dropout=0.0000,hidden_dim=1024,latent_dim=256,learning_rate=0.0048",1024,256,0.0,0.004832275229226722,10
1.0960549441250889,0.9730606699476436,1718406537,,True,1,2024-06-15_00-08-57,50.35796928405762,50.35796928405762,21096,PC-DANIEL,127.0.0.1,50.35796928405762,1,"22_dropout=0.4500,hidden_dim=512,latent_dim=16,learning_rate=0.0019",512,16,0.45,0.0018534137435119724,10
1.1173161795870825,1.0105715041257897,1718406556,,True,1,2024-06-15_00-09-16,69.18967413902283,69.18967413902283,16388,PC-DANIEL,127.0.0.1,69.18967413902283,1,"23_dropout=0.0000,hidden_dim=512,latent_dim=64,learning_rate=0.0002",512,64,0.0,0.00023024919468082173,10
1.1553837695582347,1.035697658451236,1718406554,,True,1,2024-06-15_00-09-14,31.90891170501709,31.90891170501709,15388,PC-DANIEL,127.0.0.1,31.90891170501709,1,"24_dropout=0.0000,hidden_dim=256,latent_dim=32,learning_rate=0.0004",256,32,0.0,0.0003654005580073242,10
1.0456206749108705,0.9783139630239837,1718406799,,True,1,2024-06-15_00-13-19,255.53076028823853,255.53076028823853,20136,PC-DANIEL,127.0.0.1,255.53076028823853,1,"25_dropout=0.1000,hidden_dim=1024,latent_dim=128,learning_rate=0.0003",1024,128,0.1,0.00027157848355631735,10
1.0006386180492965,0.9381265445631377,1718406708,,True,2,2024-06-15_00-11-48,82.23589611053467,162.32736611366272,17600,PC-DANIEL,127.0.0.1,162.32736611366272,2,"26_dropout=0.4000,hidden_dim=32,latent_dim=256,learning_rate=0.0031",32,256,0.4,0.0030942503185239657,10
0.9617278514260595,0.9437303068686504,1718406849,,True,2,2024-06-15_00-14-09,142.86687350273132,300.8146758079529,21416,PC-DANIEL,127.0.0.1,300.8146758079529,2,"27_dropout=0.4500,hidden_dim=1024,latent_dim=64,learning_rate=0.0011",1024,64,0.45,0.0010643481242676553,10
0.9254268038679253,0.936048969930532,1718406810,,True,2,2024-06-15_00-13-30,127.40832591056824,261.6600317955017,18188,PC-DANIEL,127.0.0.1,261.6600317955017,2,"28_dropout=0.0000,hidden_dim=256,latent_dim=256,learning_rate=0.0003",256,256,0.0,0.00034161106947256536,10
1.1409467882730744,0.9815456897628551,1718406584,,True,1,2024-06-15_00-09-44,29.541393518447876,29.541393518447876,19716,PC-DANIEL,127.0.0.1,29.541393518447876,1,"29_dropout=0.2500,hidden_dim=128,latent_dim=32,learning_rate=0.0012",128,32,0.25,0.0011700893374350311,10
1.1727521630850706,1.0626000214596183,1718406707,,True,1,2024-06-15_00-11-47,135.67336654663086,135.67336654663086,20540,PC-DANIEL,127.0.0.1,135.67336654663086,1,"30_dropout=0.3500,hidden_dim=1024,latent_dim=32,learning_rate=0.0002",1024,32,0.35,0.00023016960573090807,10
1.0016499926420774,0.9460770268829501,1718406873,,True,2,2024-06-15_00-14-33,141.71002864837646,300.10647082328796,17940,PC-DANIEL,127.0.0.1,300.10647082328796,2,"31_dropout=0.3500,hidden_dim=256,latent_dim=256,learning_rate=0.0003",256,256,0.35,0.00027476233438477303,10
1.4082551276141948,1.0983156768643125,1718406637,,True,1,2024-06-15_00-10-37,27.224748611450195,27.224748611450195,2384,PC-DANIEL,127.0.0.1,27.224748611450195,1,"32_dropout=0.0000,hidden_dim=32,latent_dim=16,learning_rate=0.0004",32,16,0.0,0.00039311316336443006,10
0.9133040245961059,0.9082727322773058,1718406755,,True,4,2024-06-15_00-12-35,19.02852702140808,87.55696964263916,21472,PC-DANIEL,127.0.0.1,87.55696964263916,4,"33_dropout=0.2000,hidden_dim=64,latent_dim=8,learning_rate=0.0077",64,8,0.2,0.007722920110132937,10
0.9257281967862085,0.908279301560655,1718406819,,True,4,2024-06-15_00-13-39,19.724725008010864,87.63100504875183,320,PC-DANIEL,127.0.0.1,87.63100504875183,4,"34_dropout=0.3000,hidden_dim=64,latent_dim=32,learning_rate=0.0063",64,32,0.3,0.006344055310756259,10
0.9001477630978281,0.9193745267634489,1718407339,,True,4,2024-06-15_00-22-19,138.8990020751953,606.8199946880341,10272,PC-DANIEL,127.0.0.1,606.8199946880341,4,"35_dropout=0.0000,hidden_dim=1024,latent_dim=64,learning_rate=0.0011",1024,64,0.0,0.001119979789342161,10
0.9141642157327045,0.9085804181439536,1718406846,,True,4,2024-06-15_00-14-06,16.123018264770508,64.65736794471741,18180,PC-DANIEL,127.0.0.1,64.65736794471741,4,"36_dropout=0.1500,hidden_dim=64,latent_dim=8,learning_rate=0.0072",64,8,0.15,0.007168984262236586,10
1.0799727535383268,0.9922824787850283,1718406911,,True,1,2024-06-15_00-15-11,122.81460499763489,122.81460499763489,16344,PC-DANIEL,127.0.0.1,122.81460499763489,1,"37_dropout=0.2500,hidden_dim=1024,latent_dim=32,learning_rate=0.0007",1024,32,0.25,0.000687744427044605,10
0.9135381406681105,0.9167517162099177,1718407367,,True,4,2024-06-15_00-22-47,124.48008298873901,560.4090094566345,308,PC-DANIEL,127.0.0.1,560.4090094566345,4,"38_dropout=0.1500,hidden_dim=1024,latent_dim=64,learning_rate=0.0017",1024,64,0.15,0.0017075845826728631,10
1.1972960622473197,1.0548642521001854,1718406866,,True,1,2024-06-15_00-14-26,44.26586556434631,44.26586556434631,20512,PC-DANIEL,127.0.0.1,44.26586556434631,1,"39_dropout=0.1000,hidden_dim=256,latent_dim=32,learning_rate=0.0003",256,32,0.1,0.00029317490297706773,10
1.0605479234998876,0.9403223450086555,1718406993,,True,2,2024-06-15_00-16-33,81.22528719902039,169.70901203155518,7156,PC-DANIEL,127.0.0.1,169.70901203155518,2,"40_dropout=0.4000,hidden_dim=64,latent_dim=256,learning_rate=0.0008",64,256,0.4,0.0008449073002425318,10
1.1975454047322274,0.9929269357603423,1718406859,,True,1,2024-06-15_00-14-19,34.99808740615845,34.99808740615845,20592,PC-DANIEL,127.0.0.1,34.99808740615845,1,"41_dropout=0.2500,hidden_dim=64,latent_dim=64,learning_rate=0.0010",64,64,0.25,0.0010120946558928056,10
1.326375221867453,1.082435931478228,1718406878,,True,1,2024-06-15_00-14-38,38.78910279273987,38.78910279273987,15512,PC-DANIEL,127.0.0.1,38.78910279273987,1,"42_dropout=0.0000,hidden_dim=64,latent_dim=64,learning_rate=0.0001",64,64,0.0,0.00013921133578555976,10
1.4091155259446664,1.135741794595913,1718406904,,True,1,2024-06-15_00-15-04,30.61105704307556,30.61105704307556,10804,PC-DANIEL,127.0.0.1,30.61105704307556,1,"43_dropout=0.1000,hidden_dim=256,latent_dim=8,learning_rate=0.0001",256,8,0.1,0.00013653135880106258,10
1.2181038773872637,1.0210274494424159,1718406925,,True,1,2024-06-15_00-15-25,56.39117074012756,56.39117074012756,5008,PC-DANIEL,127.0.0.1,56.39117074012756,1,"44_dropout=0.2500,hidden_dim=128,latent_dim=128,learning_rate=0.0002",128,128,0.25,0.00020029601788315997,10
1.003285242210735,0.9321782345674476,1718407132,,True,2,2024-06-15_00-18-52,123.64626359939575,249.80518126487732,12196,PC-DANIEL,127.0.0.1,249.80518126487732,2,"45_dropout=0.5000,hidden_dim=256,latent_dim=256,learning_rate=0.0006",256,256,0.5,0.0006473169712106395,10
1.241042617776177,0.9768428054391122,1718406934,,True,1,2024-06-15_00-15-34,49.0184268951416,49.0184268951416,13316,PC-DANIEL,127.0.0.1,49.0184268951416,1,"46_dropout=0.4000,hidden_dim=64,latent_dim=128,learning_rate=0.0011",64,128,0.4,0.00109873674253221,10
0.9370054515925321,0.946979429648847,1718407265,,True,2,2024-06-15_00-21-05,183.68307828903198,366.7556662559509,12932,PC-DANIEL,127.0.0.1,366.7556662559509,2,"47_dropout=0.0000,hidden_dim=512,latent_dim=256,learning_rate=0.0002",512,256,0.0,0.00015503775601235947,10
0.9277194269678809,0.9112186821139588,1718406961,,True,4,2024-06-15_00-16-01,14.078804969787598,61.519914865493774,9068,PC-DANIEL,127.0.0.1,61.519914865493774,4,"48_dropout=0.3000,hidden_dim=32,latent_dim=8,learning_rate=0.0080",32,8,0.3,0.00801297451959085,10
1.2234358371658758,1.1090012338696693,1718407035,,True,1,2024-06-15_00-17-15,105.69939351081848,105.69939351081848,3044,PC-DANIEL,127.0.0.1,105.69939351081848,1,"49_dropout=0.3000,hidden_dim=1024,latent_dim=16,learning_rate=0.0002",1024,16,0.3,0.00015491746771319822,10
0.927705733681267,0.9213775943736641,1718407128,,True,4,2024-06-15_00-18-48,50.84193205833435,193.68821382522583,2856,PC-DANIEL,127.0.0.1,193.68821382522583,4,"50_dropout=0.1500,hidden_dim=256,latent_dim=64,learning_rate=0.0008",256,64,0.15,0.0008380134681196522,10
1.378246205096895,1.1316674181393214,1718406976,,True,1,2024-06-15_00-16-16,30.178861379623413,30.178861379623413,8148,PC-DANIEL,127.0.0.1,30.178861379623413,1,"51_dropout=0.2500,hidden_dim=256,latent_dim=8,learning_rate=0.0002",256,8,0.25,0.00018226678353859056,10
1.9685183042829686,1.1693525983362782,1718406978,,True,1,2024-06-15_00-16-18,20.911444187164307,20.911444187164307,12320,PC-DANIEL,127.0.0.1,20.911444187164307,1,"52_dropout=0.2500,hidden_dim=32,latent_dim=8,learning_rate=0.0002",32,8,0.25,0.00023300118754556,10
1.5861129306934096,1.1403025096776533,1718407008,,True,1,2024-06-15_00-16-48,20.337892532348633,20.337892532348633,17840,PC-DANIEL,127.0.0.1,20.337892532348633,1,"53_dropout=0.2000,hidden_dim=64,latent_dim=16,learning_rate=0.0002",64,16,0.2,0.00017921937174728616,10
1.15697810893709,0.9920700016070385,1718407033,,True,1,2024-06-15_00-17-13,37.28987264633179,37.28987264633179,19712,PC-DANIEL,127.0.0.1,37.28987264633179,1,"54_dropout=0.2000,hidden_dim=128,latent_dim=64,learning_rate=0.0006",128,64,0.2,0.0006020795559879761,10
0.9040098272264003,0.9192345409977193,1718407386,,True,4,2024-06-15_00-23-06,82.59087371826172,389.7851288318634,6972,PC-DANIEL,127.0.0.1,389.7851288318634,4,"55_dropout=0.0000,hidden_dim=1024,latent_dim=32,learning_rate=0.0012",1024,32,0.0,0.0011718779578194934,10
1.63489548956806,1.0972977596886304,1718407046,,True,1,2024-06-15_00-17-26,30.287177085876465,30.287177085876465,9124,PC-DANIEL,127.0.0.1,30.287177085876465,1,"56_dropout=0.3000,hidden_dim=32,latent_dim=64,learning_rate=0.0002",32,64,0.3,0.00023074638288882003,10
0.9029237697070295,0.9202711089533202,1718407149,,True,4,2024-06-15_00-19-09,28.587356567382812,115.84956765174866,9276,PC-DANIEL,127.0.0.1,115.84956765174866,4,"57_dropout=0.0000,hidden_dim=64,latent_dim=64,learning_rate=0.0014",64,64,0.0,0.001385930620130994,10
0.8952358820221641,0.9169278503680716,1718407177,,True,4,2024-06-15_00-19-37,28.635551929473877,123.56694650650024,8892,PC-DANIEL,127.0.0.1,123.56694650650024,4,"58_dropout=0.0000,hidden_dim=256,latent_dim=32,learning_rate=0.0093",256,32,0.0,0.009296411359848919,10
1.1424355564469642,0.9818331690467134,1718407107,,True,1,2024-06-15_00-18-27,53.86053776741028,53.86053776741028,14540,PC-DANIEL,127.0.0.1,53.86053776741028,1,"59_dropout=0.2000,hidden_dim=64,latent_dim=128,learning_rate=0.0008",64,128,0.2,0.0007950458323420521,10
1.068900306996974,0.9849600104653106,1718407171,,True,1,2024-06-15_00-19-31,97.01209568977356,97.01209568977356,4388,PC-DANIEL,127.0.0.1,97.01209568977356,1,"60_dropout=0.3000,hidden_dim=64,latent_dim=256,learning_rate=0.0057",64,256,0.3,0.005707494994241946,10
0.8943104168908163,0.9177602255830959,1718407787,,True,4,2024-06-15_00-29-47,108.6558346748352,646.8014204502106,3968,PC-DANIEL,127.0.0.1,646.8014204502106,4,"61_dropout=0.0000,hidden_dim=1024,latent_dim=128,learning_rate=0.0014",1024,128,0.0,0.0013501013652980588,10
1.0895493369888176,1.0045641502555536,1718407242,,True,1,2024-06-15_00-20-42,88.65524339675903,88.65524339675903,18464,PC-DANIEL,127.0.0.1,88.65524339675903,1,"62_dropout=0.0000,hidden_dim=1024,latent_dim=16,learning_rate=0.0009",1024,16,0.0,0.0008629288674838827,10
1.3004405144940723,1.0251967000718019,1718407173,,True,1,2024-06-15_00-19-33,18.844651699066162,18.844651699066162,10624,PC-DANIEL,127.0.0.1,18.844651699066162,1,"63_dropout=0.5000,hidden_dim=32,latent_dim=8,learning_rate=0.0037",32,8,0.5,0.003744703465623506,10
0.930378082530065,0.913237890418695,1718407291,,True,4,2024-06-15_00-21-31,27.798439502716064,115.38346028327942,11380,PC-DANIEL,127.0.0.1,115.38346028327942,4,"64_dropout=0.3500,hidden_dim=64,latent_dim=64,learning_rate=0.0033",64,64,0.35,0.0033460395284328863,10
1.0186420238153502,1.2883764943298028,1718407301,,True,1,2024-06-15_00-21-41,115.30367398262024,115.30367398262024,20220,PC-DANIEL,127.0.0.1,115.30367398262024,1,"65_dropout=0.3000,hidden_dim=1024,latent_dim=32,learning_rate=0.0060",1024,32,0.3,0.005970051359795268,10
1.3908904305913232,1.10797710807956,1718407214,,True,1,2024-06-15_00-20-14,28.481889724731445,28.481889724731445,21284,PC-DANIEL,127.0.0.1,28.481889724731445,1,"66_dropout=0.1000,hidden_dim=128,latent_dim=32,learning_rate=0.0001",128,32,0.1,0.00012972179901984377,10
0.9681034961207347,0.9770979899532941,1718407295,,True,2,2024-06-15_00-21-35,45.45690441131592,105.93168759346008,6192,PC-DANIEL,127.0.0.1,105.93168759346008,2,"67_dropout=0.3500,hidden_dim=32,latent_dim=128,learning_rate=0.0069",32,128,0.35,0.006883462351267694,10
1.1242018620398913,0.9911628268202957,1718407248,,True,1,2024-06-15_00-20-48,46.311978578567505,46.311978578567505,8168,PC-DANIEL,127.0.0.1,46.311978578567505,1,"68_dropout=0.4500,hidden_dim=512,latent_dim=16,learning_rate=0.0014",512,16,0.45,0.0014110682814179576,10
0.9415204527703198,0.9435454905033112,1718407323,,True,2,2024-06-15_00-22-03,35.87423658370972,82.3856372833252,16084,PC-DANIEL,127.0.0.1,82.3856372833252,2,"69_dropout=0.3500,hidden_dim=512,latent_dim=8,learning_rate=0.0040",512,8,0.35,0.0040452629876488256,10
1.4425735502080483,1.1151602961579148,1718407289,,True,1,2024-06-15_00-21-29,22.68569016456604,22.68569016456604,3516,PC-DANIEL,127.0.0.1,22.68569016456604,1,"70_dropout=0.0000,hidden_dim=32,latent_dim=32,learning_rate=0.0002",32,32,0.0,0.00020152463808351803,10
1.291300116479397,1.059682320575325,1718407293,,True,1,2024-06-15_00-21-33,23.754590034484863,23.754590034484863,1672,PC-DANIEL,127.0.0.1,23.754590034484863,1,"71_dropout=0.1500,hidden_dim=64,latent_dim=16,learning_rate=0.0006",64,16,0.15,0.0006372616518274494,10
0.9393224049698222,0.9338915688650948,1718407380,,True,2,2024-06-15_00-23-00,42.65034008026123,86.55286622047424,10324,PC-DANIEL,127.0.0.1,86.55286622047424,2,"72_dropout=0.0000,hidden_dim=512,latent_dim=32,learning_rate=0.0009",512,32,0.0,0.0008599452917172851,10
1.117087034271522,0.9791682277406965,1718407323,,True,1,2024-06-15_00-22-03,17.37776827812195,17.37776827812195,17260,PC-DANIEL,127.0.0.1,17.37776827812195,1,"73_dropout=0.0000,hidden_dim=64,latent_dim=8,learning_rate=0.0020",64,8,0.0,0.002046814795383384,10
1.6673643682490695,1.1317998207345301,1718407322,,True,1,2024-06-15_00-22-02,16.52590036392212,16.52590036392212,14024,PC-DANIEL,127.0.0.1,16.52590036392212,1,"74_dropout=0.3500,hidden_dim=64,latent_dim=8,learning_rate=0.0003",64,8,0.35,0.0002664565549307404,10
0.9566881278699094,0.9387269433663816,1718407353,,True,2,2024-06-15_00-22-33,22.445658206939697,47.412070751190186,7916,PC-DANIEL,127.0.0.1,47.412070751190186,2,"75_dropout=0.4000,hidden_dim=128,latent_dim=32,learning_rate=0.0062",128,32,0.4,0.006199726801658525,10
1.6771182642741638,1.136611131989226,1718407328,,True,1,2024-06-15_00-22-08,16.67708468437195,16.67708468437195,11560,PC-DANIEL,127.0.0.1,16.67708468437195,1,"76_dropout=0.2000,hidden_dim=32,latent_dim=8,learning_rate=0.0003",32,8,0.2,0.0003043142220910574,10
1.321760203215209,1.0918697349879207,1718407342,,True,1,2024-06-15_00-22-22,26.681216716766357,26.681216716766357,9296,PC-DANIEL,127.0.0.1,26.681216716766357,1,"77_dropout=0.3000,hidden_dim=128,latent_dim=16,learning_rate=0.0004",128,16,0.3,0.00036512787215742357,10
1.2847414962270043,1.074778631025431,1718407358,,True,1,2024-06-15_00-22-38,22.717421293258667,22.717421293258667,16348,PC-DANIEL,127.0.0.1,22.717421293258667,1,"78_dropout=0.0000,hidden_dim=64,latent_dim=32,learning_rate=0.0003",64,32,0.0,0.0002885669185419448,10
0.9322364784777164,0.9166465863889578,1718407597,,True,4,2024-06-15_00-26-37,64.85314273834229,260.5541961193085,5764,PC-DANIEL,127.0.0.1,260.5541961193085,4,"79_dropout=0.5000,hidden_dim=256,latent_dim=128,learning_rate=0.0040",256,128,0.5,0.004046243328990915,10
0.9208042559298601,0.9138755287442889,1718407398,,True,4,2024-06-15_00-23-18,12.914819478988647,56.57219624519348,16048,PC-DANIEL,127.0.0.1,56.57219624519348,4,"80_dropout=0.2500,hidden_dim=64,latent_dim=8,learning_rate=0.0054",64,8,0.25,0.005404982060507845,10
1.0815886893732982,0.9795088774087478,1718407437,,True,1,2024-06-15_00-23-57,93.85409212112427,93.85409212112427,15444,PC-DANIEL,127.0.0.1,93.85409212112427,1,"81_dropout=0.1500,hidden_dim=1024,latent_dim=8,learning_rate=0.0017",1024,8,0.15,0.0017139587114393367,10
1.4789753155274825,1.090813545548186,1718407380,,True,1,2024-06-15_00-23-00,24.46101450920105,24.46101450920105,11160,PC-DANIEL,127.0.0.1,24.46101450920105,1,"82_dropout=0.4000,hidden_dim=64,latent_dim=32,learning_rate=0.0003",64,32,0.4,0.00032777941432672993,10
1.376156325502829,1.040654720700517,1718407400,,True,1,2024-06-15_00-23-20,42.83879852294922,42.83879852294922,6612,PC-DANIEL,127.0.0.1,42.83879852294922,1,"83_dropout=0.1500,hidden_dim=32,latent_dim=128,learning_rate=0.0003",32,128,0.15,0.00027157706148386043,10
1.5365104787729003,1.147644238812583,1718407392,,True,1,2024-06-15_00-23-12,20.693507194519043,20.693507194519043,11384,PC-DANIEL,127.0.0.1,20.693507194519043,1,"84_dropout=0.0000,hidden_dim=128,latent_dim=8,learning_rate=0.0002",128,8,0.0,0.00015054617426501682,10
0.929880894923752,0.9194150560972641,1718407559,,True,4,2024-06-15_00-25-59,43.5653133392334,181.09663319587708,12080,PC-DANIEL,127.0.0.1,181.09663319587708,4,"85_dropout=0.1000,hidden_dim=32,latent_dim=128,learning_rate=0.0023",32,128,0.1,0.002302042376551941,10
0.9712602679702369,0.9425955670220512,1718407520,,True,2,2024-06-15_00-25-20,66.2342369556427,133.8432981967926,21096,PC-DANIEL,127.0.0.1,133.8432981967926,2,"86_dropout=0.1500,hidden_dim=256,latent_dim=128,learning_rate=0.0003",256,128,0.15,0.00034469161349560674,10
1.0993243673308328,1.0071055122784205,1718407488,,True,1,2024-06-15_00-24-48,92.81965160369873,92.81965160369873,18896,PC-DANIEL,127.0.0.1,92.81965160369873,1,"87_dropout=0.4500,hidden_dim=128,latent_dim=256,learning_rate=0.0032",128,256,0.45,0.0031985726586143677,10
1.5180963052944703,1.1375959734527432,1718407418,,True,1,2024-06-15_00-23-38,21.997975826263428,21.997975826263428,20568,PC-DANIEL,127.0.0.1,21.997975826263428,1,"88_dropout=0.3000,hidden_dim=128,latent_dim=16,learning_rate=0.0002",128,16,0.3,0.0001535635525235626,10
1.3893281201070005,1.0921980081772318,1718407423,,True,1,2024-06-15_00-23-43,20.24471402168274,20.24471402168274,19800,PC-DANIEL,127.0.0.1,20.24471402168274,1,"89_dropout=0.4500,hidden_dim=64,latent_dim=16,learning_rate=0.0009",64,16,0.45,0.000861839921425995,10
0.892174399711869,0.9071223109352345,1718407701,,True,8,2024-06-15_00-28-21,28.678725719451904,295.1214303970337,12268,PC-DANIEL,127.0.0.1,295.1214303970337,8,"90_dropout=0.1000,hidden_dim=512,latent_dim=16,learning_rate=0.0043",512,16,0.1,0.004264989445104971,10
0.9617727953601968,0.9341584285911249,1718407515,,True,2,2024-06-15_00-25-15,48.7940571308136,102.10524535179138,656,PC-DANIEL,127.0.0.1,102.10524535179138,2,"91_dropout=0.4000,hidden_dim=256,latent_dim=64,learning_rate=0.0031",256,64,0.4,0.003121800017275,10
0.8833221965892748,0.9353318883448231,1718407798,,True,4,2024-06-15_00-29-58,65.15458059310913,385.0940113067627,9348,PC-DANIEL,127.0.0.1,385.0940113067627,4,"92_dropout=0.0000,hidden_dim=256,latent_dim=256,learning_rate=0.0019",256,256,0.0,0.001925401186047722,10
0.8098829910159111,0.9064334959399943,1718408004,,True,8,2024-06-15_00-33-24,43.057857036590576,562.2766375541687,8532,PC-DANIEL,127.0.0.1,562.2766375541687,8,"93_dropout=0.0000,hidden_dim=1024,latent_dim=64,learning_rate=0.0074",1024,64,0.0,0.007403938330580286,10
1.233477401056073,1.0278013451975219,1718407485,,True,1,2024-06-15_00-24-45,43.040560483932495,43.040560483932495,11828,PC-DANIEL,127.0.0.1,43.040560483932495,1,"94_dropout=0.5000,hidden_dim=128,latent_dim=64,learning_rate=0.0007",128,64,0.5,0.000689957964894191,10
0.8968847018751231,0.9027985729733292,1718407890,,True,8,2024-06-15_00-31-30,31.281603813171387,423.0215952396393,18444,PC-DANIEL,127.0.0.1,423.0215952396393,8,"95_dropout=0.2000,hidden_dim=1024,latent_dim=8,learning_rate=0.0063",1024,8,0.2,0.006317502742936242,10
1.011955916746096,0.9300381079012033,1718407660,,True,2,2024-06-15_00-27-40,68.95744109153748,149.94066095352173,21440,PC-DANIEL,127.0.0.1,149.94066095352173,2,"96_dropout=0.3000,hidden_dim=64,latent_dim=256,learning_rate=0.0011",64,256,0.3,0.0011278355799555929,10
1.3343702178109775,1.1080216424805778,1718407533,,True,1,2024-06-15_00-25-33,22.96099281311035,22.96099281311035,12720,PC-DANIEL,127.0.0.1,22.96099281311035,1,"97_dropout=0.4000,hidden_dim=128,latent_dim=8,learning_rate=0.0004",128,8,0.4,0.00040049196657288824,10
0.9348665024746549,0.9394872328456567,1718407918,,True,2,2024-06-15_00-31-58,142.20451521873474,381.5769453048706,9156,PC-DANIEL,127.0.0.1,381.5769453048706,2,"98_dropout=0.0000,hidden_dim=1024,latent_dim=256,learning_rate=0.0001",1024,256,0.0,0.00011235462428905375,10
1.1496937112374739,1.028833271897569,1718407713,,True,1,2024-06-15_00-28-33,173.5752673149109,173.5752673149109,7700,PC-DANIEL,127.0.0.1,173.5752673149109,1,"99_dropout=0.4500,hidden_dim=1024,latent_dim=128,learning_rate=0.0001",1024,128,0.45,0.00010813584356313876,10
